{"DocumentTypeId":"poc.regform.mobile","FormId":"1e46848d","FormName":"mobile_reg","OriginalFileExtension":"pdf","Pages":[{"Page":0,"Size":[0.0,0.0,595.0,841.0],"SkewAngle":-0.2,"Evidence":[{"Text":"가입신청서모바일","Box":[8.8,23.47,181.91,32.54]},{"Text":"□모텔이려변로","Box":[53.35,23.47,40.28,8.8]},{"Text":"고객구분","Box":[58.15,277.4,18.4,6.4]},{"Text":"자영업구분","Box":[66.15,277.4,22.67,8.0]},{"Text":"업무구분","Box":[75.75,277.4,18.4,6.4]},{"Text":"단말기모멸명","Box":[105.09,29.87,38.94,8.8]}],"Fields":[],"Tables":[]},{"Page":1,"Size":[0.0,0.0,595.0,841.0],"SkewAngle":0.0,"Evidence":[{"Text":"개인정보","Box":[15.2,25.07,79.22,28.54]},{"Text":"및개인위치정보","Box":[11.2,98.69,144.57,36.54]},{"Text":"활용동의서","Box":[13.34,239.26,97.36,30.67]},{"Text":"재서형점했형","Box":[68.55,70.42,105.89,16.8]},{"Text":"가인장보수장","Box":[197.65,71.22,54.15,17.34]},{"Text":"이용동의","Box":[197.65,119.76,38.68,17.34]}],"Fields":[],"Tables":[]},{"Page":2,"Size":[0.0,0.0,595.0,841.0],"SkewAngle":-0.2,"Evidence":[{"Text":"개인정보","Box":[14.4,27.47,79.22,28.54]},{"Text":"몇개인위치정보","Box":[10.4,100.29,143.77,36.54]},{"Text":"활용동의서","Box":[15.2,242.46,97.09,27.74]},{"Text":"(2)","Box":[14.4,336.35,33.07,28.54]},{"Text":"LGUt","Box":[16.8,511.86,46.94,16.54]},{"Text":"본인은","Box":[771.65,55.48,25.61,14.14]},{"Text":"귀사가","Box":[773.52,80.02,24.27,11.2]}],"Fields":[],"Tables":[]},{"Page":3,"Size":[0.0,0.0,595.0,841.0],"SkewAngle":-0.3,"Evidence":[{"Text":"(3)","Box":[11.2,333.95,37.34,31.74]},{"Text":"5개2Q분형장E","Box":[65.08,58.95,77.89,18.67]},{"Text":"조회","Box":[320.34,174.71,16.8,12.54]},{"Text":"08해는겠방8래나다","Box":[320.34,197.38,84.02,13.34]},{"Text":"R2답대예R형의","Box":[344.88,55.75,97.09,18.4]},{"Text":"처리위타하는것에","Box":[394.23,173.91,58.15,11.2]}],"Fields":[],"Tables":[]}],"AnchorBasedConfiguration":{"AnchorBasedFieldConfiguration":[{"FieldId":"poc.regform.mobile.shop-name","FieldDescriptors":[{"PageIndexAtDesignTime":0,"Offset":[-3.8478,11.6196,72.1465,8.7797],"Target":{"Text":"만대점심소","Area":[242.99,28.27,19.47,8.8]},"Anchors":[]}]},{"FieldId":"poc.regform.mobile.seller-name","FieldDescriptors":[{"PageIndexAtDesignTime":0,"Offset":[-6.1564,6.5168,33.592,12.2153],"Target":{"Text":"판때자","Area":[243.79,123.76,12.0,8.0]},"Anchors":[]}]},{"FieldId":"poc.regform.mobile.seller-phone","FieldDescriptors":[{"PageIndexAtDesignTime":0,"Offset":[-6.1564,9.3793,86.2704,12.2153],"Target":{"Text":"먼학쳐","Area":[242.99,187.51,14.67,9.6]},"Anchors":[]}]},{"FieldId":"poc.regform.mobile.shop-addr","FieldDescriptors":[{"PageIndexAtDesignTime":0,"Offset":[-6.5382,12.2268,145.0565,13.7422],"Target":{"Text":"만배점주소","Area":[244.59,292.6,18.67,6.4]},"Anchors":[]}]},{"FieldId":"poc.regform.mobile.subscriber","FieldDescriptors":[{"PageIndexAtDesignTime":0,"Offset":[-7.7322,22.8748,204.9877,17.9412],"Target":{"Text":"갑럼잖력","Area":[348.08,53.35,33.07,23.21]},"Anchors":[]}]},{"FieldId":"poc.regform.mobile.subscriber-birth-date","FieldDescriptors":[{"PageIndexAtDesignTime":0,"Offset":[-8.8956,31.1601,196.5897,17.5595],"Target":{"Text":"예답부u8)","Area":[349.68,302.47,44.28,20.81]},"Anchors":[]}]},{"FieldId":"poc.regform.mobile.payment-owner","FieldDescriptors":[{"PageIndexAtDesignTime":0,"Offset":[-9.6921,15.797,150.0189,20.2316],"Target":{"Text":"영르줄","Area":[415.03,118.16,29.07,19.2]},"Anchors":[]}]},{"FieldId":"poc.regform.mobile.payment-birth-date","FieldDescriptors":[{"PageIndexAtDesignTime":0,"Offset":[-9.3386,22.7754,201.5522,19.8498],"Target":{"Text":"했열부력-.3)","Area":[414.77,303.01,42.41,20.54]},"Anchors":[]}]},{"FieldId":"poc.regform.mobile.payment-account","FieldDescriptors":[{"PageIndexAtDesignTime":0,"Offset":[-9.7405,25.7698,240.8701,18.7047],"Target":{"Text":"렸핵겠굽법쵸","Area":[434.24,117.36,45.08,21.34]},"Anchors":[]}]},{"FieldId":"poc.regform.mobile.subscriber-sido","FieldDescriptors":[{"PageIndexAtDesignTime":0,"Offset":[-9.2871,-110.525,99.6309,20.6133],"Target":{"Text":"심","Area":[282.73,159.24,6.4,11.2]},"Anchors":[]}]},{"FieldId":"poc.regform.mobile.subscriber-gugun","FieldDescriptors":[{"PageIndexAtDesignTime":0,"Offset":[-10.7071,-112.2052,103.0665,21.3767],"Target":{"Text":"최","Area":[300.34,156.84,12.27,20.81]},"Anchors":[]}]},{"FieldId":"poc.regform.mobile.subscriber-dong","FieldDescriptors":[{"PageIndexAtDesignTime":0,"Offset":[-10.4319,-113.0235,103.4482,20.2316],"Target":{"Text":"를","Area":[321.94,157.64,13.07,21.34]},"Anchors":[]}]}]}}