{"DataContractVersion":"1.1","DocumentTypes":[{"DocumentTypeId":"poc.regform.mobile","Group":"poc","Category":"regform","Name":"mobile","OptionalUniqueIdentifier":"","TypeField":{"FieldId":"poc.regform.mobile.DocumentType","FieldName":"Document Type"},"Fields":[{"FieldId":"poc.regform.mobile.shop-name","FieldName":"shop-name","IsMultiValue":false,"Type":"Text","DeriveFieldsFormat":"","Components":[],"SetValues":[],"Metadata":[{"Key":"Color","Value":"#038a18"},{"Key":"Hotkey","Value":"h"}]},{"FieldId":"poc.regform.mobile.seller-name","FieldName":"seller-name","IsMultiValue":false,"Type":"Text","DeriveFieldsFormat":"","Components":[],"SetValues":[],"Metadata":[{"Key":"Color","Value":"#fa6616"},{"Key":"Hotkey","Value":"e"}]},{"FieldId":"poc.regform.mobile.seller-phone","FieldName":"seller-phone","IsMultiValue":false,"Type":"Text","DeriveFieldsFormat":"","Components":[],"SetValues":[],"Metadata":[{"Key":"Color","Value":"#fcd98f"},{"Key":"Hotkey","Value":"l"}]},{"FieldId":"poc.regform.mobile.shop-addr","FieldName":"shop-addr","IsMultiValue":false,"Type":"Text","DeriveFieldsFormat":"","Components":[],"SetValues":[],"Metadata":[{"Key":"Color","Value":"#b34692"},{"Key":"Hotkey","Value":"a"}]},{"FieldId":"poc.regform.mobile.subscriber","FieldName":"subscriber-name","IsMultiValue":false,"Type":"Text","DeriveFieldsFormat":"","Components":[],"SetValues":[],"Metadata":[{"Key":"Color","Value":"#5a60fb"},{"Key":"Hotkey","Value":"c"}]},{"FieldId":"poc.regform.mobile.subscriber-birth-date","FieldName":"subscriber-birth-date","IsMultiValue":false,"Type":"Text","DeriveFieldsFormat":"","Components":[],"SetValues":[],"Metadata":[{"Key":"Color","Value":"#40e0a9"},{"Key":"Hotkey","Value":"r"}]},{"FieldId":"poc.regform.mobile.payment-owner","FieldName":"payment-owner","IsMultiValue":false,"Type":"Text","DeriveFieldsFormat":"","Components":[],"SetValues":[],"Metadata":[{"Key":"Color","Value":"#e78e50"},{"Key":"Hotkey","Value":"y"}]},{"FieldId":"poc.regform.mobile.payment-birth-date","FieldName":"payment-birth-date","IsMultiValue":false,"Type":"Text","DeriveFieldsFormat":"","Components":[],"SetValues":[],"Metadata":[{"Key":"Color","Value":"#f0448e"},{"Key":"Hotkey","Value":"m"}]},{"FieldId":"poc.regform.mobile.payment-account","FieldName":"payment-account","IsMultiValue":false,"Type":"Text","DeriveFieldsFormat":"","Components":[],"SetValues":[],"Metadata":[{"Key":"Color","Value":"#8c357a"},{"Key":"Hotkey","Value":"q"}]},{"FieldId":"poc.regform.mobile.subscriber-sido","FieldName":"subscriber-sido","IsMultiValue":false,"Type":"Text","DeriveFieldsFormat":"","Components":[],"SetValues":[],"Metadata":[{"Key":"Color","Value":"#cd27d9"},{"Key":"Hotkey","Value":"w"}]},{"FieldId":"poc.regform.mobile.subscriber-gugun","FieldName":"subscriber-gugun","IsMultiValue":false,"Type":"Text","DeriveFieldsFormat":"","Components":[],"SetValues":[],"Metadata":[{"Key":"Color","Value":"#d01cff"},{"Key":"Hotkey","Value":"g"}]},{"FieldId":"poc.regform.mobile.subscriber-dong","FieldName":"subscriber-dong","IsMultiValue":false,"Type":"Text","DeriveFieldsFormat":"","Components":[],"SetValues":[],"Metadata":[{"Key":"Color","Value":"#1cddff"},{"Key":"Hotkey","Value":"j"}]},{"FieldId":"poc.regform.mobile.subscribe-5g-confirm","FieldName":"subscribe-5g-confirm","IsMultiValue":false,"Type":"Text","DeriveFieldsFormat":"","Components":[],"SetValues":[],"Metadata":[{"Key":"Color","Value":"#974ac4"},{"Key":"Hotkey","Value":"5"}]},{"FieldId":"poc.regform.mobile.subscribe-confirm","FieldName":"subscribe-confirm","IsMultiValue":false,"Type":"Text","DeriveFieldsFormat":"","Components":[],"SetValues":[],"Metadata":[{"Key":"Color","Value":"#c29fc8"},{"Key":"Hotkey","Value":"k"}]},{"FieldId":"poc.regform.mobile.buyer-name","FieldName":"buyer-name","IsMultiValue":false,"Type":"Text","DeriveFieldsFormat":"","Components":[],"SetValues":[],"Metadata":[{"Key":"Color","Value":"#5f35ba"},{"Key":"Hotkey","Value":"z"}]},{"FieldId":"poc.regform.mobile.account-owner","FieldName":"account-owner","IsMultiValue":false,"Type":"Text","DeriveFieldsFormat":"","Components":[],"SetValues":[],"Metadata":[{"Key":"Color","Value":"#b8d56d"},{"Key":"Hotkey","Value":"x"}]},{"FieldId":"poc.regform.mobile.shop-name-2","FieldName":"shop-name-2","IsMultiValue":false,"Type":"Text","DeriveFieldsFormat":"","Components":[],"SetValues":[],"Metadata":[{"Key":"Color","Value":"#a78c42"},{"Key":"Hotkey","Value":"2"}]},{"FieldId":"poc.regform.mobile.seller-name-2","FieldName":"seller-name-2","IsMultiValue":false,"Type":"Text","DeriveFieldsFormat":"","Components":[],"SetValues":[],"Metadata":[{"Key":"Color","Value":"#624027"},{"Key":"Hotkey","Value":"v"}]},{"FieldId":"poc.regform.mobile.shop-addr-2","FieldName":"shop-addr-2","IsMultiValue":false,"Type":"Text","DeriveFieldsFormat":"","Components":[],"SetValues":[],"Metadata":[{"Key":"Color","Value":"#65d5d2"},{"Key":"Hotkey","Value":"1"}]},{"FieldId":"poc.regform.mobile.seller-phone-2","FieldName":"seller-phone-2","IsMultiValue":false,"Type":"Text","DeriveFieldsFormat":"","Components":[],"SetValues":[],"Metadata":[{"Key":"Color","Value":"#db76ce"},{"Key":"Hotkey","Value":"3"}]},{"FieldId":"poc.regform.mobile.subscriber-name-2","FieldName":"subscriber-name-2","IsMultiValue":false,"Type":"Text","DeriveFieldsFormat":"","Components":[],"SetValues":[],"Metadata":[{"Key":"Color","Value":"#93ba81"},{"Key":"Hotkey","Value":"4"}]},{"FieldId":"poc.regform.mobile.unique-info-agree-1","FieldName":"unique-info-agree-1","IsMultiValue":false,"Type":"Boolean","DeriveFieldsFormat":"","Components":[],"SetValues":[],"Metadata":[{"Key":"Color","Value":"#00c8ce"},{"Key":"Hotkey","Value":"6"}]},{"FieldId":"poc.regform.mobile.pii-agree-2","FieldName":"pii-agree-2","IsMultiValue":false,"Type":"Boolean","DeriveFieldsFormat":"","Components":[],"SetValues":[],"Metadata":[{"Key":"Color","Value":"#2b6650"},{"Key":"Hotkey","Value":"7"}]},{"FieldId":"poc.regform.mobile.p-location-agree-3","FieldName":"p-location-agree-3","IsMultiValue":false,"Type":"Boolean","DeriveFieldsFormat":"","Components":[],"SetValues":[],"Metadata":[{"Key":"Color","Value":"#6057ef"},{"Key":"Hotkey","Value":"8"}]},{"FieldId":"poc.regform.mobile.p-thirdparty-agree-4","FieldName":"p-thirdparty-agree-4","IsMultiValue":false,"Type":"Boolean","DeriveFieldsFormat":"","Components":[],"SetValues":[],"Metadata":[{"Key":"Color","Value":"#7ca4d5"},{"Key":"Hotkey","Value":"9"}]},{"FieldId":"poc.regform.mobile.p-credit-agree-5","FieldName":"p-credit-agree-5","IsMultiValue":false,"Type":"Boolean","DeriveFieldsFormat":"","Components":[],"SetValues":[],"Metadata":[{"Key":"Color","Value":"#e4b566"},{"Key":"Hotkey","Value":"@"}]},{"FieldId":"poc.regform.mobile.p-entrust-agree-6","FieldName":"p-entrust-agree-6","IsMultiValue":false,"Type":"Boolean","DeriveFieldsFormat":"","Components":[],"SetValues":[],"Metadata":[{"Key":"Color","Value":"#dc8160"},{"Key":"Hotkey","Value":"#"}]}]}],"Groups":[{"Name":"poc","Categories":["regform"]}],"SupportedLanguages":[{"Name":"Undetermined Language","Code":"und"},{"Name":"Bulgarian","Code":"bul"},{"Name":"Cantonese","Code":"yue"},{"Name":"Danish","Code":"dan"},{"Name":"Dutch","Code":"nld"},{"Name":"English","Code":"eng"},{"Name":"French","Code":"fra"},{"Name":"Georgian","Code":"kat"},{"Name":"German","Code":"deu"},{"Name":"Greek","Code":"ell"},{"Name":"Hebrew","Code":"heb"},{"Name":"Hindi","Code":"hin"},{"Name":"Italian","Code":"ita"},{"Name":"Japanese","Code":"jpn"},{"Name":"Korean","Code":"kor"},{"Name":"Macedonian","Code":"mkd"},{"Name":"Mandarin","Code":"zho"},{"Name":"Marathi","Code":"mar"},{"Name":"Norwegian","Code":"nor"},{"Name":"Polish","Code":"pol"},{"Name":"Portuguese","Code":"por"},{"Name":"Romanian","Code":"ron"},{"Name":"Russian","Code":"rus"},{"Name":"Serbian","Code":"srp"},{"Name":"Spanish","Code":"spa"},{"Name":"Swedish","Code":"swe"},{"Name":"Telugu","Code":"tel"}]}